instance,bestsol,commit,time,optimal,score
L_abs10n100_2_H,53368.43,v9.2,1444.159,False,4.9998888388937
L_abs10n100_2_L,17503.69,v6,1399.381,False,10
L_abs10n100_3_H,57430.27,v4.2,470.866,False,10
L_abs10n100_3_L,21174.53,v4.2,567.975,False,10
L_abs10n100_4_H,60377.45,v9,1474.869,False,10
L_abs10n100_4_L,24160.13,v6,1336.88,False,10
L_abs10n100_5_H,64140.06,v3,1265.53,False,10
L_abs10n100_5_L,29941.28,v9.1,1187.304,False,10
L_abs10n200_2_H,101622.4,v7.2,193.986,False,4.4140988789055
L_abs10n200_2_L,33228.6,v9,1415.804,False,10
L_abs10n200_3_H,108686.14,v9,1562.413,False,9.0957399556635
L_abs10n200_3_L,33097.6,v7.2,226.763,False,10
L_abs10n200_4_H,110391.03,v7.2,477.815,False,9.070513295531
L_abs10n200_4_L,38841.61,v3,1282.707,False,10
L_abs10n200_5_H,113576.53,v4.2,1506.957,False,9.7710954345698
L_abs10n200_5_L,40477.73,v4.1,451.317,False,10
L_abs10n50_2_H,29407.65,v6,663.998,False,0.10010810722494
L_abs10n50_2_L,10795.71,v4,1571.064,False,-0.021207631042797
L_abs10n50_3_H,31616.34,v5,735.444,False,1.2515396050797
L_abs10n50_3_L,13310.03,v9.2,1555.847,False,6.1959746151502
L_abs10n50_4_H,34051.97,v7.2,1490.212,False,3.0145673230075
L_abs10n50_4_L,16417.49,v6,323.217,False,10
L_abs10n50_5_H,37450.56,v5,1453.15,False,7.895592048401
L_abs10n50_5_L,18337.59,v5,380.948,False,10
L_abs1n100_2_H,52807.7,v5,1393.919,False,0.87502051112873
L_abs1n100_2_L,16789.14,v7.2,1582.504,False,2.8996637049576
L_abs1n100_3_H,56729.33,v0,1187.946,False,5.8186981404378
L_abs1n100_3_L,19635.28,v9.2,1351.592,False,10
L_abs1n100_4_H,61954.3,v7,189.719,False,10
L_abs1n100_4_L,26882.53,v4.2,807.562,False,10
L_abs1n100_5_H,66032.33,v9.1,1414.795,False,10
L_abs1n100_5_L,28925.21,v9,1486.971,False,10
L_abs1n200_2_H,105447.21,v7.2,1129.516,False,6.6750397070279
L_abs1n200_2_L,31036.26,v1,1552.823,False,10
L_abs1n200_3_H,110299.33,v7.1,268.506,False,9.560018991843
L_abs1n200_3_L,33163.33,v0,235.102,False,10
L_abs1n200_4_H,113205.24,v7.2,282.454,False,10
L_abs1n200_4_L,37120.84,v4.1,940.847,False,10
L_abs1n200_5_H,117470.32,v7.2,1275.617,False,10
L_abs1n200_5_L,39934.83,v9.1,1303.956,False,10
L_abs1n50_2_H,28592.39,v4.2,726.143,False,0.91311856176768
L_abs1n50_2_L,11209.82,v6,1074.143,False,-2.4280231913425
L_abs1n50_3_H,30648.94,v5,643.608,False,0.14978874689167
L_abs1n50_3_L,13450.51,v9,1173.737,False,3.2907412768709
L_abs1n50_4_H,32874.39,v6,1464.114,False,0.95930780707094
L_abs1n50_4_L,16021.2,v9,174.628,False,4.3321969659969
L_abs1n50_5_H,36126.93,v7.1,1131.426,False,4.0060860102374
L_abs1n50_5_L,20189.82,v9.2,536.973,False,10
L_abs2n100_2_H,50682.54,v5,1559.613,False,4.3824638834797
L_abs2n100_2_L,16384.8,v6,1434.607,False,7.6227528508719
L_abs2n100_3_H,51270.97,v5,1389.39,False,3.9644860627973
L_abs2n100_3_L,18322.84,v9.1,1406.331,False,10
L_abs2n100_4_H,57541.71,v5,1040.556,False,10
L_abs2n100_4_L,23285.9,v7.2,114.913,False,10
L_abs2n100_5_H,60716.46,v7.2,140.558,False,10
L_abs2n100_5_L,27797.78,v9.1,1358.803,False,10
L_abs2n200_2_H,107248.81,v4.2,634.479,False,6.3891853821125
L_abs2n200_2_L,31182.19,v4.2,607.106,False,10
L_abs2n200_3_H,112148.59,v9.2,1328.971,False,9.8089994575573
L_abs2n200_3_L,31621.31,v4.2,895.813,False,10
L_abs2n200_4_H,114880.65,v7,331.842,False,10
L_abs2n200_4_L,39104.12,v7.2,1114.374,False,10
L_abs2n200_5_H,117322.52,v4.2,1258.655,False,10
L_abs2n200_5_L,38714.72,v5,1575.491,False,10
L_abs2n50_2_H,28122.91,v2,1571.608,False,0.077256487267441
L_abs2n50_2_L,12078.67,v9.1,1369.383,False,3.2007723822096
L_abs2n50_3_H,31196.7,v7.2,551.751,False,4.0843759831926
L_abs2n50_3_L,14213.62,v5,865.039,False,3.3994552723929
L_abs2n50_4_H,33646.07,v9,525.643,False,4.6046012746774
L_abs2n50_4_L,17421.04,v7,1430.204,False,10
L_abs2n50_5_H,36510.67,v9,508.967,False,6.2626895870878
L_abs2n50_5_L,21160.6,v9,1336.851,False,10
L_abs3n100_2_H,54514.2,v7.1,1564.284,False,2.3773144392161
L_abs3n100_2_L,17691.46,v6,410.638,False,8.3189960778167
L_abs3n100_3_H,58965.99,v5,877.992,False,8.5595558789264
L_abs3n100_3_L,21915.22,v9.2,1472.859,False,10
L_abs3n100_4_H,63353.26,v4.1,1202.076,False,10
L_abs3n100_4_L,25501.13,v9.2,1254.036,False,10
L_abs3n100_5_H,65469.77,v9.1,1582.861,False,10
L_abs3n100_5_L,27616.53,v4.2,1052.01,False,10
L_abs3n200_2_H,101873.05,v7.2,186.709,False,4.9200218629188
L_abs3n200_2_L,32388.53,v2,1553.064,False,10
L_abs3n200_3_H,107326.52,v9,1508.522,False,8.5142080066326
L_abs3n200_3_L,35919.58,v7.2,169.651,False,10
L_abs3n200_4_H,110872.63,v7.1,1160.706,False,10
L_abs3n200_4_L,38701.32,v7.2,1009.338,False,10
L_abs3n200_5_H,114858.02,v9.2,666.032,False,10
L_abs3n200_5_L,40537.53,v5,1580.477,False,10
L_abs3n50_2_H,27514.93,v9.1,1573.539,False,-0.33364677995178
L_abs3n50_2_L,11371.41,v9.2,1409.326,False,2.5630364274608
L_abs3n50_3_H,29113.74,v9.2,1071.652,False,1.4289506744455
L_abs3n50_3_L,13048.51,v7,528.162,False,6.3968525766471
L_abs3n50_4_H,31616.59,v7.2,1596.492,False,4.8597904567962
L_abs3n50_4_L,15915,v9.1-3-g272080f,256.851,False,10
L_abs3n50_5_H,33720.97,v9,1572.211,False,6.5409927742514
L_abs3n50_5_L,17065.1,v9.1,1385.922,False,10
L_abs4n100_2_H,48776.64,v9.2,1305.534,False,3.2799464719782
L_abs4n100_2_L,16515.48,v5,1332.281,False,7.6695101717512
L_abs4n100_3_H,53268.7,v9,538.309,False,10
L_abs4n100_3_L,21017.47,v9.1,1549.315,False,10
L_abs4n100_4_H,56485.48,v9,1599.571,False,10
L_abs4n100_4_L,25575.27,v5,1510.438,False,10
L_abs4n100_5_H,60308.63,v6,1265.629,False,10
L_abs4n100_5_L,29159.67,v9,1014.907,False,10
L_abs4n200_2_H,104973.36,v7.2,1187.393,False,7.8049873589681
L_abs4n200_2_L,30390.37,v9.2,1441.328,False,10
L_abs4n200_3_H,109766.81,v7.2,218.099,False,10
L_abs4n200_3_L,33340.37,v4.2,645.691,False,10
L_abs4n200_4_H,111813.9,v9.2,1469.434,False,10
L_abs4n200_4_L,38265,v4.2,1200.188,False,10
L_abs4n200_5_H,116263.94,v3,907.579,False,10
L_abs4n200_5_L,46249.08,v9.2,790.224,False,10
L_abs4n50_2_H,29394.52,v9.2,768.539,False,1.0704461682346
L_abs4n50_2_L,11430.12,v5,1195.421,False,4.6053317958433
L_abs4n50_3_H,32108.6,v9.2,1387.422,False,2.1617815551604
L_abs4n50_3_L,13756.42,v9.2,901.315,False,6.28151224796
L_abs4n50_4_H,33726.28,v9.1,1548.207,False,1.0074303906271
L_abs4n50_4_L,16453.37,v5,1088.908,False,7.0348126916637
L_abs4n50_5_H,37622.7,v5,1516.942,False,4.7775933517512
L_abs4n50_5_L,19691.73,v9.2,489.788,False,10
L_abs5n100_2_H,53220.48,v3,1463.116,False,1.7646698892492
L_abs5n100_2_L,16236.49,v5,413.175,False,3.5230305650238
L_abs5n100_3_H,57489.53,v2,1596.54,False,7.9665464357602
L_abs5n100_3_L,22467.27,v1,1579.339,False,10
L_abs5n100_4_H,61249.99,v6,1377.221,False,10
L_abs5n100_4_L,26238.23,v4.2,722.281,False,10
L_abs5n100_5_H,66918.25,v4.1,326.171,False,10
L_abs5n100_5_L,29092.01,v4.1,740.787,False,10
L_abs5n200_2_H,104200.17,v9.2,1248.645,False,5.9265610926886
L_abs5n200_2_L,30273.61,v1,1480.671,False,10
L_abs5n200_3_H,107861.51,v4.1,640.108,False,8.2749035818756
L_abs5n200_3_L,34371.32,v4.2,617.985,False,10
L_abs5n200_4_H,110799.58,v9.2,270.828,False,9.3191796689234
L_abs5n200_4_L,42105.1,v9,1576.961,False,10
L_abs5n200_5_H,118516.2,v9,1593.23,False,10
L_abs5n200_5_L,46773.69,v7.2,677.558,False,10
L_abs5n50_2_H,27357.59,v2,731.316,False,0.64146190186445
L_abs5n50_2_L,10863.61,v9.1,393.423,False,1.5953397636963
L_abs5n50_3_H,30105.05,v6,1300.53,False,4.553931749196
L_abs5n50_3_L,13667.21,v6,1515.97,False,8.0915145470895
L_abs5n50_4_H,32647.25,v5,911.52,False,5.8611484097279
L_abs5n50_4_L,16689.58,v9,547.8,False,10
L_abs5n50_5_H,34934.74,v5,895.005,False,6.0733880884786
L_abs5n50_5_L,20077.43,v9,406.25,False,10
L_abs6n100_2_H,52717.05,v1,334.85,False,4.6486698731342
L_abs6n100_2_L,17338.76,v1,591.84,False,7.3218679301924
L_abs6n100_3_H,55539.92,v9.2,1028.412,False,7.4553703578304
L_abs6n100_3_L,21579.51,v0,1231.447,False,10
L_abs6n100_4_H,60048.95,v9.2,1514.389,False,9.9629049539475
L_abs6n100_4_L,27707.22,v5,411.54,False,10
L_abs6n100_5_H,64354.22,v9,1587.824,False,10
L_abs6n100_5_L,30979.16,v9,1591.319,False,10
L_abs6n200_2_H,104650.35,v7.2,445.643,False,6.1202211836143
L_abs6n200_2_L,30142.59,v4.2,308.159,False,10
L_abs6n200_3_H,107785.61,v7.2,314.347,False,8.6144468438655
L_abs6n200_3_L,33968.97,v4.2,711.562,False,10
L_abs6n200_4_H,112062.07,v4.2,913.288,False,10
L_abs6n200_4_L,35321.73,v7.2,361.338,False,10
L_abs6n200_5_H,115046.24,v7.2,999.614,False,10
L_abs6n200_5_L,45392.83,v7.2,520.628,False,10
L_abs6n50_2_H,29903.94,v9.2,541.661,False,0.075331066819762
L_abs6n50_2_L,11479.68,v6,1451.827,False,1.8778709416334
L_abs6n50_3_H,33245.26,v7.2,1086.273,False,4.2086878239942
L_abs6n50_3_L,14538.31,v9.2,1338.186,False,7.902193919962
L_abs6n50_4_H,35802.12,v6,558.827,False,4.9866281933986
L_abs6n50_4_L,16917.03,v9.2,1557.038,False,10
L_abs6n50_5_H,38038.6,v2,1565.063,False,5.1317747057017
L_abs6n50_5_L,19496.59,v9,950.478,False,8.7911358218683
L_abs7n100_2_H,51187.41,v9.2,516.957,False,0.50431410924994
L_abs7n100_2_L,17329.25,v9.2,938.843,False,9.180093207167
L_abs7n100_3_H,54896.76,v4.2,1177.416,False,5.4083229486887
L_abs7n100_3_L,21952.91,v5,679.628,False,10
L_abs7n100_4_H,60538.39,v9,1405.398,False,10
L_abs7n100_4_L,25979.46,v4.2,484.33,False,10
L_abs7n100_5_H,63865.04,v9,1584.581,False,10
L_abs7n100_5_L,31230.4,v9,1589.781,False,10
L_abs7n200_2_H,94410.7,v9.2,1283.502,False,7.1193382953617
L_abs7n200_2_L,30055.86,v4.2,614.887,False,10
L_abs7n200_3_H,99144.12,v3,354.849,False,10
L_abs7n200_3_L,34931.85,v4.2,226.823,False,10
L_abs7n200_4_H,104764.07,v0,275.303,False,10
L_abs7n200_4_L,37816.02,v7.2,944.569,False,10
L_abs7n200_5_H,106317.4,v4.1,417.093,False,10
L_abs7n200_5_L,43548.27,v9,1590.201,False,10
L_abs7n50_2_H,28299.26,v9.2,793.945,False,0.023433664526751
L_abs7n50_2_L,11439.8,v6,217.258,False,0.81046332206245
L_abs7n50_3_H,31629.01,v5,942.032,False,4.9688352608091
L_abs7n50_3_L,14236.78,v0,1442.852,False,6.7176888595715
L_abs7n50_4_H,33767.99,v9,359.341,False,3.9674070333811
L_abs7n50_4_L,17085.48,v7.2,1518.425,False,10
L_abs7n50_5_H,36736.77,v9,584.136,False,4.9295519194171
L_abs7n50_5_L,19603.53,v9,337.306,False,8.8045312257176
L_abs8n100_2_H,51057.66,v7.2,1511.51,False,0.78265085126357
L_abs8n100_2_L,18032.39,v9.2,1546.219,False,10
L_abs8n100_3_H,55026.76,v7.2,1418.566,False,5.9595400588387
L_abs8n100_3_L,20221.32,v6,1307.065,False,10
L_abs8n100_4_H,59520.95,v6,1598.751,False,9.4393419329121
L_abs8n100_4_L,25623.7,v3,962.052,False,10
L_abs8n100_5_H,64794.4,v9.2,685.215,False,10
L_abs8n100_5_L,30347.4,v4.2,1124.969,False,10
L_abs8n200_2_H,96346.2,v0,310.342,False,4.9193488493046
L_abs8n200_2_L,30418.16,v7.2,94.555,False,10
L_abs8n200_3_H,103315.93,v5,531.407,False,10
L_abs8n200_3_L,34831.62,v7.2,432.207,False,10
L_abs8n200_4_H,104984.77,v7.2,789.165,False,10
L_abs8n200_4_L,37977.77,v9,1552.121,False,10
L_abs8n200_5_H,108251.21,v6,1329.512,False,10
L_abs8n200_5_L,43864.15,v4.1,507.294,False,10
L_abs8n50_2_H,25809.28,v9.2,1144.17,False,0.64420326250736
L_abs8n50_2_L,12190.82,v9,1566.405,False,-1.2423668481827
L_abs8n50_3_H,28613.92,v4,1185.448,False,2.9449519632054
L_abs8n50_3_L,15890.35,v1,1131.477,False,8.7765474988448
L_abs8n50_4_H,32191.45,v5,161.947,False,6.2287011808047
L_abs8n50_4_L,19144.15,v2,1472.575,False,10
L_abs8n50_5_H,36336.76,v9.2,539.082,False,10
L_abs8n50_5_L,22472.52,v9.2,433.43,False,10
L_abs9n100_2_H,54786.13,v9.2,1488.573,False,2.3959427484197
L_abs9n100_2_L,19053.13,v5,1229.517,False,10
L_abs9n100_3_H,56752.19,v6,1412.27,False,2.8424930595322
L_abs9n100_3_L,20801.62,v6,1052.532,False,10
L_abs9n100_4_H,63001.06,v4.2,1535.221,False,9.6864760591531
L_abs9n100_4_L,25129.58,v4.2,551.819,False,10
L_abs9n100_5_H,66351.69,v9,1533.503,False,10
L_abs9n100_5_L,31363.43,v4.2,614.595,False,10
L_abs9n200_2_H,100860.18,v9.2,1595.044,False,6.6512354327636
L_abs9n200_2_L,29409.59,v4.2,1533.677,False,10
L_abs9n200_3_H,104351.39,v7.2,212.476,False,9.0434192885678
L_abs9n200_3_L,35483.22,v4.2,276.202,False,10
L_abs9n200_4_H,106944,v4.2,1063.029,False,9.8245891487834
L_abs9n200_4_L,39009.07,v7.2,1013.936,False,10
L_abs9n200_5_H,114904.92,v9,1538.999,False,10
L_abs9n200_5_L,44101.44,v9,506.157,False,10
L_abs9n50_2_H,28318.54,v4,1200.992,False,-0.56887926360999
L_abs9n50_2_L,11070.78,v5,1044.942,False,0.82016479793676
L_abs9n50_3_H,31054.32,v6,1088.352,False,4.2386501411809
L_abs9n50_3_L,13191.87,v5,1348.525,False,3.890252632524
L_abs9n50_4_H,33429.27,v7.2,1411.807,False,5.0997274515605
L_abs9n50_4_L,16084.2,v9,1149.134,False,10
L_abs9n50_5_H,36376.41,v6,347.867,False,8.3311866473252
L_abs9n50_5_L,18236.61,v9,631.413,False,10
S_abs1n10_2_H3,4248.38,v9,5.758,False,0
S_abs1n10_2_H6,9300.75,v10-2-g2ae249a,811.68,False,0.0086021967860006
S_abs1n10_2_L3,2186.79,v9,5.362,False,0
S_abs1n10_2_L6,5599.11,v6,121.857,True,0.0007144043564277
S_abs1n10_3_H3,4722.42,v10-2-g2ae249a,8.862,False,0
S_abs1n10_3_H6,10755.37,v4,462.424,False,0.10713095665804
S_abs1n10_3_L3,2656.21,v9,46.49,False,0
S_abs1n10_3_L6,7065.91,v1,1117.839,False,0.21288062516842
S_abs1n10_4_H3,5237.42,v6,45.391,False,0
S_abs1n10_4_H6,12118.78,v4,1131.564,False,0.5258228891807
S_abs1n10_4_L3,3185.54,v9,108.441,False,0
S_abs1n10_4_L6,8476.66,v4,1560.52,False,1.4652422419726
S_abs1n10_5_H3,5712.99,v10-2-g2ae249a,299.583,False,0
S_abs1n10_5_H6,13705.83,v5,1554.451,False,1.9090525151163
S_abs1n10_5_L3,3652.38,v7.2,146.318,False,0
S_abs1n10_5_L6,9960.81,v4.1,1066.849,False,1.7891358130666
S_abs1n15_2_H3,4802.57,v9,18.517,False,0.0083295676746031
S_abs1n15_2_H6,11579.09,v10-2-g2ae249a,161.224,False,0
S_abs1n15_2_L3,2203.37,v9,4.664,False,0.0018154339114007
S_abs1n15_2_L6,5884.52,v9,585.471,False,0
S_abs1n15_3_H3,5289.53,v9,106.698,False,0
S_abs1n15_3_H6,12472.05,v4.1,1205.836,False,0.0003207181520803
S_abs1n15_3_L3,2690.08,v9,83.557,False,0
S_abs1n15_3_L6,6767.1,v4.1,491.01,False,0.13184003409199
S_abs1n15_4_H3,5658.34,v10-2-g2ae249a,77.904,False,0.0070697108841777
S_abs1n15_4_H6,13463.54,v6,441.365,False,0.64918851435705
S_abs1n15_4_L3,3072.79,v9,73.881,False,0.0013017655194902
S_abs1n15_4_L6,7820.8,v6,1108.746,False,2.078028189971
S_abs1n15_5_H3,6071.3,v6,447.484,False,0.016473650396187
S_abs1n15_5_H6,14474.61,v5,276.766,False,0.33626551874728
S_abs1n15_5_L3,3487.19,v6,609.159,False,0.0020073871848547
S_abs1n15_5_L6,8810.87,v6,1536.822,False,1.7405030403666
S_abs1n20_2_H3,6243.35,v9,38.863,False,0.0096111489327644
S_abs1n20_2_H6,14248.91,v9,1127.262,False,0.080702823966705
S_abs1n20_2_L3,2792.02,v9,157.655,False,0.0021490279230374
S_abs1n20_2_L6,7270.78,v4.2,1389.005,False,0.15055407480871
S_abs1n20_3_H3,6922.43,v4.1,173.485,False,0.33365171804547
S_abs1n20_3_H6,15754.25,v4.2,1044.138,False,0.79688029840623
S_abs1n20_3_L3,3480.38,v4.1,486.195,False,0
S_abs1n20_3_L6,8712.41,v3,1266.443,False,0.62320623206231
S_abs1n20_4_H3,7475.64,v4,1069.818,False,0.31965345378713
S_abs1n20_4_H6,17546.8,v4.1,1303.805,False,2.3637205818353
S_abs1n20_4_L3,4051.4,v4.1,91.183,False,0.71445262587442
S_abs1n20_4_L6,10655.47,v4,1032.818,False,4.2354609929078
S_abs1n20_5_H3,7733.01,v7.2,1555.709,False,0.43913653366585
S_abs1n20_5_H6,19466.36,v4,1343.527,False,3.5896508051384
S_abs1n20_5_L3,4360.45,v3,689.857,False,1.8932427916802
S_abs1n20_5_L6,12489.09,v4.1,1028.364,False,7.2604927986808
S_abs1n25_2_H3,7053.13,v9,39.714,False,0.0082239757250857
S_abs1n25_2_H6,14623.88,v9,363.338,False,0.017713895285554
S_abs1n25_2_L3,2987.53,v10-2-g2ae249a,12.714,False,0.0020083883687683
S_abs1n25_2_L6,7329.86,v9,511.846,False,0.0043658947219027
S_abs1n25_3_H3,7424.85,v9,51.258,True,0
S_abs1n25_3_H6,15577.93,v4.2,1583.913,False,0.0008987154146877
S_abs1n25_3_L3,3357.57,v9,67.312,False,0
S_abs1n25_3_L6,8294.01,v6,693.934,False,-0.52591432333957
S_abs1n25_4_H3,7818.93,v10-2-g2ae249a,60.057,False,0
S_abs1n25_4_H6,16617.25,v4.1,1095.151,False,0.56134864071447
S_abs1n25_4_L3,3803.92,v10-2-g2ae249a,233.358,False,0
S_abs1n25_4_L6,9309.11,v6,928.261,False,0.53761989258403
S_abs1n25_5_H3,8004.24,v6,277.884,False,0
S_abs1n25_5_H6,17639.88,v6,923.759,False,0.84887430394365
S_abs1n25_5_L3,3949.39,v6,322.461,False,0
S_abs1n25_5_L6,10433.46,v2,1547.329,False,1.2770459818092
S_abs1n30_2_H3,10052.78,v6,12.16,False,0
S_abs1n30_2_H6,21648.72,v2,1044.794,False,0.6150662890319
S_abs1n30_2_L3,3565.6,v6,248.384,False,0
S_abs1n30_2_L6,9129.82,v7.2,141.331,False,3.4685893541982
S_abs1n30_3_H3,10512.84,v4,73.253,False,0.009893643334169
S_abs1n30_3_H6,23321.01,v6,1079.761,False,1.2772453087476
S_abs1n30_3_L3,4059.62,v4,819.706,False,1.1501298131787
S_abs1n30_3_L6,10562.17,v2,744.791,False,2.8368773610624
S_abs1n30_4_H3,11065.45,v6-11-gf503ffb,758.058,False,0.63067814952575
S_abs1n30_4_H6,24937.21,v1,1031.892,False,1.1442257382854
S_abs1n30_4_L3,4536.23,v6-11-gf503ffb,531.672,False,1.2009191504551
S_abs1n30_4_L6,12902.66,v2,1541.537,False,7.772738283175
S_abs1n30_5_H3,11726.84,v4,825.862,False,1.1509997067297
S_abs1n30_5_H6,27823.89,v6-11-gf503ffb,1317.326,False,6.9277742763593
S_abs1n30_5_L3,5256.83,v6-11-gf503ffb,861.805,False,3.5510266794837
S_abs1n30_5_L6,15008.79,v6-11-gf503ffb,1416.825,False,10
S_abs1n35_2_H3,9648.24,v6-11-gf503ffb,134.694,True,0
S_abs1n35_2_H6,21250.95,v6-11-gf503ffb,1555.293,False,
S_abs1n35_2_L3,3374.61,v6-11-gf503ffb,16.316,True,0
S_abs1n35_2_L6,8810.48,v3,561.76,False,
S_abs1n35_3_H3,10150.7,v6-11-gf503ffb,895.284,False,0.28453156028019
S_abs1n35_3_H6,22628.5,v4,1307.184,False,
S_abs1n35_3_L3,3876.11,v2,924.176,False,0.48738628733496
S_abs1n35_3_L6,10270.88,v1,917.827,False,
S_abs1n35_4_H3,10487.14,v6-11-gf503ffb,1266.837,False,0.60340130311658
S_abs1n35_4_H6,24451.41,v7.2,370.213,False,
S_abs1n35_4_L3,4155.93,v6-11-gf503ffb,1210.737,False,0.2474871371817
S_abs1n35_4_L6,11495.21,v6-11-gf503ffb,1586.416,False,
S_abs1n35_5_H3,10979.66,v1,1518.039,False,1.3641189449681
S_abs1n35_5_H6,26202.77,v2,1596.62,False,
S_abs1n35_5_L3,4619.71,v1,1048.505,False,1.7178627339162
S_abs1n35_5_L6,13711.41,v2,1333.446,False,
S_abs1n40_2_H3,10953.2,v0,50.614,False,0.0040172522724813
S_abs1n40_2_H6,24879.28,v2,813.36,False,
S_abs1n40_2_L3,3746.08,v6-11-gf503ffb,167.643,False,0.55564801443073
S_abs1n40_2_L6,10167.73,v1,716.551,False,
S_abs1n40_3_H3,11555.98,v6-11-gf503ffb,1033.283,False,0.34316100607306
S_abs1n40_3_H6,26782.5,v3,939.449,False,
S_abs1n40_3_L3,4291.18,v6-11-gf503ffb,71.168,False,0.59590788042458
S_abs1n40_3_L6,12011.35,v1,1442.2,False,
S_abs1n40_4_H3,12225.88,v6-11-gf503ffb,1360.913,False,1.763100900112
S_abs1n40_4_H6,29142.86,v7.2,668.846,False,
S_abs1n40_4_L3,4938.22,v10-2-g2ae249a,243.652,False,3.6026434490716
S_abs1n40_4_L6,13896.85,v6-11-gf503ffb,1590.576,False,
S_abs1n40_5_H3,12894.13,v3,1067.413,False,2.745346465226
S_abs1n40_5_H6,31283.98,v1,1496.148,False,
S_abs1n40_5_L3,5727.6,v3,925.515,False,8.1074959513482
S_abs1n40_5_L6,17015.27,v7.2,1013.172,False,
S_abs1n45_2_H3,11447.71,v10-2-g2ae249a,116.538,True,0.00034941608204608
S_abs1n45_2_H6,24486.81,v6-11-gf503ffb,1403.907,False,
S_abs1n45_2_L3,3794.63,v6-11-gf503ffb,89.749,True,0
S_abs1n45_2_L6,10240.84,v6-11-gf503ffb,1533.609,False,
S_abs1n45_3_H3,11943.49,v7.2,1016.141,False,0.27024758002905
S_abs1n45_3_H6,26935.6,v1,1542.319,False,
S_abs1n45_3_L3,4279.63,v6-11-gf503ffb,521.701,False,0.60083637551804
S_abs1n45_3_L6,11699.01,v6-11-gf503ffb,937.307,False,
S_abs1n45_4_H3,12467.85,v6-11-gf503ffb,1433.51,False,0.27312450086017
S_abs1n45_4_H6,28718.79,v6-11-gf503ffb,1370.877,False,
S_abs1n45_4_L3,4804.27,v1,1590.354,False,2.0827622841965
S_abs1n45_4_L6,16589.58,v7.2,125.557,False,
S_abs1n45_5_H3,13000.67,v6-11-gf503ffb,452.984,False,1.2123052250106
S_abs1n45_5_H6,31030.87,v7.2,1486.687,False,
S_abs1n45_5_L3,5587.92,v1,1566.908,False,7.7320233589814
S_abs1n45_5_L6,16576.72,v1,505.989,False,
S_abs1n50_2_H3,12177.34,v6-11-gf503ffb,786.623,False,0.4086485737703
S_abs1n50_2_H6,28823.57,v1,808.222,False,
S_abs1n50_2_L3,4306.27,v6-11-gf503ffb,903.09,False,0.79677358194667
S_abs1n50_2_L6,11209.82,v6-11-gf503ffb,889.757,False,
S_abs1n50_3_H3,12817.21,v6-11-gf503ffb,66.75,False,0.42254028744961
S_abs1n50_3_H6,30881.49,v6-11-gf503ffb,919.874,False,
S_abs1n50_3_L3,4990.93,v6-11-gf503ffb,330.941,False,1.5396978790499
S_abs1n50_3_L6,13515.26,v7.2,626.084,False,
S_abs1n50_4_H3,14008.74,v7.2,74.705,False,4.4689279524635
S_abs1n50_4_H6,32923.03,v6-11-gf503ffb,1178.841,False,
S_abs1n50_4_L3,5961.85,v6-11-gf503ffb,572.156,False,6.3725201572255
S_abs1n50_4_L6,16510.28,v7.2,737.116,False,
S_abs1n50_5_H3,15018.74,v6-11-gf503ffb,1162.142,False,6.2822164036515
S_abs1n50_5_H6,36998.65,v7.2,412.427,False,
S_abs1n50_5_L3,6960.11,v7.2,374.367,False,10
S_abs1n50_5_L6,20883.31,v2,1574.608,False,
S_abs1n5_2_H3,2027.75,v6-11-gf503ffb,0.162,True,0
S_abs1n5_2_H6,5973.34,v6-11-gf503ffb,6.237,True,0.0078689139392019
S_abs1n5_2_L3,1373.41,v6-11-gf503ffb,0.272,True,0
S_abs1n5_2_L6,3736.24,v6-11-gf503ffb,1.574,True,0.0032118882691057
S_abs1n5_3_H3,2061.27,v6-11-gf503ffb,0.262,True,0
S_abs1n5_3_H6,6852.36,v6-11-gf503ffb,26.538,True,0
S_abs1n5_3_L3,1407.59,v6-11-gf503ffb,0.389,True,0
S_abs1n5_3_L6,4617.59,v6-11-gf503ffb,2.26,False,0
S_abs1n5_4_H3,2234.65,v6-11-gf503ffb,1.059,True,0
S_abs1n5_4_H6,7711.75,v6-11-gf503ffb,170.456,False,0.09254187747092
S_abs1n5_4_L3,1578.65,v6-11-gf503ffb,1.146,True,0
S_abs1n5_4_L6,5479.26,v6-11-gf503ffb,50.966,False,0.23103813501189
S_abs1n5_5_H3,2361.94,v6-11-gf503ffb,0.804,True,0.93415609722745
S_abs1n5_5_H6,8636.29,v6-11-gf503ffb,20.21,False,0
S_abs1n5_5_L3,1708.51,v10-2-g2ae249a,0.558,False,1.249837029311
S_abs1n5_5_L6,6406.12,v6-11-gf503ffb,3.094,False,0
S_abs2n10_2_H3,4437.91,v6-11-gf503ffb,1.226,True,0.0029293926242513
S_abs2n10_2_H6,9280.71,v6-11-gf503ffb,171.532,True,0.0031248585732113
S_abs2n10_2_L3,2744.24,v10-2-g2ae249a,3.116,False,0.00036440094306478
S_abs2n10_2_L6,6458.63,v10-2-g2ae249a,36.848,False,0.00061933022532656
S_abs2n10_3_H3,5100.49,v10-2-g2ae249a,6.806,True,0
S_abs2n10_3_H6,11051.2,v2,1141.19,False,0.0001809761491555
S_abs2n10_3_L3,3404.52,v6-11-gf503ffb,13.522,True,0
S_abs2n10_3_L6,8223.8,v0,144.715,False,0.017148298730651
S_abs2n10_4_H3,5896.55,v6-11-gf503ffb,134.65,False,0
S_abs2n10_4_H6,12730.62,v7.2,1112.877,False,0.58340272960422
S_abs2n10_4_L3,4205.39,v6-11-gf503ffb,1506.348,False,0
S_abs2n10_4_L6,9897.89,v6-11-gf503ffb,1012.407,False,0.77993827694731
S_abs2n10_5_H3,6318.13,v6-11-gf503ffb,1087.062,False,0
S_abs2n10_5_H6,14399.44,v6-11-gf503ffb,509.733,False,0.0002777893523431
S_abs2n10_5_L3,4615.71,v6-11-gf503ffb,36.783,False,0
S_abs2n10_5_L6,11684.02,v2,737.314,False,0.92006046210322
S_abs2n15_2_H3,4932.98,v6-11-gf503ffb,22.741,True,0.0064873719250791
S_abs2n15_2_H6,11554.83,v6-11-gf503ffb,147.971,True,0.01133853578823
S_abs2n15_2_L3,2461.89,v6-11-gf503ffb,2.425,True,0.0016247943619652
S_abs2n15_2_L6,6061.86,v6-11-gf503ffb,162.84,True,0.17765335616111
S_abs2n15_3_H3,5150.55,v6-11-gf503ffb,3.418,True,0
S_abs2n15_3_H6,12555.8,v1,678.314,False,0.46416206385287
S_abs2n15_3_L3,2665.57,v6-11-gf503ffb,2.829,True,0
S_abs2n15_3_L6,7085.79,v6-11-gf503ffb,1577.582,False,1.1390253197621
S_abs2n15_4_H3,5785.16,v6-11-gf503ffb,266.221,False,0
S_abs2n15_4_H6,13551.12,v1,798.051,False,0.38000506673423
S_abs2n15_4_L3,3304.41,v10-2-g2ae249a,72.734,False,0
S_abs2n15_4_L6,8122.88,v6-11-gf503ffb,842.541,False,1.8923685590352
S_abs2n15_5_H3,6273.59,v7.2,752.591,False,0
S_abs2n15_5_H6,14477.43,v6-11-gf503ffb,1228.568,False,0.099771831570217
S_abs2n15_5_L3,3797.18,v6-11-gf503ffb,781.032,False,0
S_abs2n15_5_L6,9166.82,v6-11-gf503ffb,1588.194,False,2.2229210435931
S_abs2n20_2_H3,5979.59,v6-11-gf503ffb,4.356,True,0
S_abs2n20_2_H6,13590.81,v6-11-gf503ffb,1094.24,False,7.3579185921879e-05
S_abs2n20_2_L3,2535.04,v6-11-gf503ffb,6.105,True,0
S_abs2n20_2_L6,6221.85,v6-11-gf503ffb,1582.408,False,0
S_abs2n20_3_H3,6224.11,v6-11-gf503ffb,17.917,True,0
S_abs2n20_3_H6,14148.91,v1,1310.114,False,0.060889797246166
S_abs2n20_3_L3,2778.54,v6-11-gf503ffb,68.13,True,0
S_abs2n20_3_L6,6886.72,v6-11-gf503ffb,1411.359,False,1.4056301776106
S_abs2n20_4_H3,6435.52,v6-11-gf503ffb,1000.147,False,0
S_abs2n20_4_H6,15003.89,v1,894.792,False,1.2934520634878
S_abs2n20_4_L3,2998.11,v10-2-g2ae249a,132.913,False,0
S_abs2n20_4_L6,7594.19,v6-11-gf503ffb,1374.623,False,1.657753652774
S_abs2n20_5_H3,6636.1,v6-11-gf503ffb,66.702,False,0.014920626786896
S_abs2n20_5_H6,15737.54,v6-11-gf503ffb,1137.572,False,1.5724898185738
S_abs2n20_5_L3,3216.65,v6-11-gf503ffb,1480.767,False,0.077158333255545
S_abs2n20_5_L6,8256.29,v6-11-gf503ffb,958.141,False,1.1419723216878
S_abs2n25_2_H3,7651.71,v1,820.54,False,0.059891750238328
S_abs2n25_2_H6,16195.23,v1,1595.609,False,0.67834920934893
S_abs2n25_2_L3,3347.37,v1,446.347,False,0.20295816008549
S_abs2n25_2_L6,8260.06,v2,112.896,False,1.2048930862612
S_abs2n25_3_H3,8102.07,v6-11-gf503ffb,154.06,False,0.058043537593067
S_abs2n25_3_H6,17770.11,v10-2-g2ae249a,875.35,False,1.4200430333366
S_abs2n25_3_L3,3805.52,v6-11-gf503ffb,531.229,False,0.36898033247792
S_abs2n25_3_L6,9809.18,v6-11-gf503ffb,587.135,False,2.4065996705176
S_abs2n25_4_H3,8710,v1,430.985,False,0.71541477752994
S_abs2n25_4_H6,19686.2,v6-11-gf503ffb,1009.769,False,4.1036054616027
S_abs2n25_4_L3,4393.11,v6-11-gf503ffb,1165.244,False,1.2053105540696
S_abs2n25_4_L6,11817.88,v6-11-gf503ffb,1091.553,False,8.1134388436557
S_abs2n25_5_H3,9410.16,v6-11-gf503ffb,846.774,False,2.8800456556606
S_abs2n25_5_H6,21278.52,v10-2-g2ae249a,1164.158,False,2.7674772403468
S_abs2n25_5_L3,5021.06,v1,1343.421,False,3.543876219013
S_abs2n25_5_L6,13426.25,v6-11-gf503ffb,1552.143,False,7.2906927496624
S_abs2n30_2_H3,9156.11,v6-11-gf503ffb,85.234,True,0
S_abs2n30_2_H6,18818.46,v6-11-gf503ffb,1166.542,False,0.54889656989068
S_abs2n30_2_L3,3435.42,v6-11-gf503ffb,58.092,True,0
S_abs2n30_2_L6,8382.68,v6-11-gf503ffb,1290.852,False,1.558878654133
S_abs2n30_3_H3,9637.61,v2,1429.727,False,0.55443858658852
S_abs2n30_3_H6,20005.44,v2,1253.006,False,0.84962872222978
S_abs2n30_3_L3,3894.49,v0,88.707,False,0.04881068902709
S_abs2n30_3_L6,9563.22,v1,1059.419,False,3.3914155638178
S_abs2n30_4_H3,9926.79,v6-11-gf503ffb,803.692,False,0.0089664413302604
S_abs2n30_4_H6,21390.74,v6-11-gf503ffb,1516.563,False,1.3049367280443
S_abs2n30_4_L3,4247.21,v6-11-gf503ffb,307.638,False,0.65170355308777
S_abs2n30_4_L6,11138.08,v6-11-gf503ffb,612.115,False,7.0588348376059
S_abs2n30_5_H3,10446.34,v6-11-gf503ffb,1520.587,False,0.8058609472509
S_abs2n30_5_H6,22741.18,v6-11-gf503ffb,1401.027,False,2.5342777660049
S_abs2n30_5_L3,4697.2,v1,1398.167,False,0.59148788542009
S_abs2n30_5_L6,13007.05,v6-11-gf503ffb,1534.903,False,10
S_abs2n35_2_H3,8844.93,v10-2-g2ae249a,107.099,False,0.00045223852418452
S_abs2n35_2_H6,19352.37,v6-11-gf503ffb,1579.879,False,
S_abs2n35_2_L3,3661.98,v10-2-g2ae249a,15.317,True,0
S_abs2n35_2_L6,8999.66,v2,673.977,False,
S_abs2n35_3_H3,9204.56,v10-2-g2ae249a,929.391,False,0
S_abs2n35_3_H6,20609.1,v6-11-gf503ffb,1357.985,False,
S_abs2n35_3_L3,4029.11,v6-11-gf503ffb,274.466,False,0
S_abs2n35_3_L6,10217.88,v6-11-gf503ffb,620.689,False,
S_abs2n35_4_H3,9680.92,v10-2-g2ae249a,775.442,False,0.74123098663952
S_abs2n35_4_H6,21738.65,v6-11-gf503ffb,1231.135,False,
S_abs2n35_4_L3,4532.76,v2,1087.739,False,2.2831586025752
S_abs2n35_4_L6,11223.93,v1,1511.508,False,
S_abs2n35_5_H3,10193.99,v6-11-gf503ffb,1001.396,False,1.9213503142428
S_abs2n35_5_H6,22646.7,v6-11-gf503ffb,1500.313,False,
S_abs2n35_5_L3,4982.65,v6-11-gf503ffb,443.2,False,3.3502519118962
S_abs2n35_5_L6,12457.97,v6-11-gf503ffb,1334.68,False,
S_abs2n40_2_H3,9560.67,v6-11-gf503ffb,102.311,False,0.10554321774885
S_abs2n40_2_H6,20793,v6-11-gf503ffb,1459.169,False,
S_abs2n40_2_L3,3976.26,v6-11-gf503ffb,1546.039,False,0.21599469716636
S_abs2n40_2_L6,9624.61,v1,1536.442,False,
S_abs2n40_3_H3,10016.73,v6-11-gf503ffb,752.432,False,1.1740833029476
S_abs2n40_3_H6,22209.1,v2,1525.046,False,
S_abs2n40_3_L3,4444.91,v1,1363.851,False,2.6066542166533
S_abs2n40_3_L6,11396.9,v1,997.133,False,
S_abs2n40_4_H3,10541.25,v6-11-gf503ffb,1249.513,False,1.0588833071289
S_abs2n40_4_H6,23954.62,v6-11-gf503ffb,1550.75,False,
S_abs2n40_4_L3,4933.82,v6-11-gf503ffb,337.046,False,1.2674284236474
S_abs2n40_4_L6,13398.7,v6-11-gf503ffb,1594.064,False,
S_abs2n40_5_H3,11293.78,v6-11-gf503ffb,1354.697,False,5.4124081800278
S_abs2n40_5_H6,26292.79,v1,1214.409,False,
S_abs2n40_5_L3,5254.57,v6-11-gf503ffb,1239.062,False,1.3882939517078
S_abs2n40_5_L6,17094.09,v1,319.533,False,
S_abs2n45_2_H3,11012.81,v6-11-gf503ffb,13.314,False,0.0047219969688372
S_abs2n45_2_H6,24850.25,v6-11-gf503ffb,1507.706,False,
S_abs2n45_2_L3,3929.24,v6-11-gf503ffb,299.991,False,0.25259354891385
S_abs2n45_2_L6,10234.14,v6-11-gf503ffb,1547.239,False,
S_abs2n45_3_H3,11681.05,v6-11-gf503ffb,867.029,False,0.8518103776509
S_abs2n45_3_H6,27997.18,v1,1590.46,False,
S_abs2n45_3_L3,4546.68,v2,735.866,False,1.4743495319844
S_abs2n45_3_L6,12362.11,v6-11-gf503ffb,1542.543,False,
S_abs2n45_4_H3,12201.31,v6-11-gf503ffb,228.316,False,0.40585945182641
S_abs2n45_4_H6,30589.96,v1,1353.629,False,
S_abs2n45_4_L3,5356.27,v1,1357.526,False,5.9170977488808
S_abs2n45_4_L6,14400.57,v6-11-gf503ffb,1546.126,False,
S_abs2n45_5_H3,13202.37,v2,1521.883,False,3.1021941987313
S_abs2n45_5_H6,34337.29,v2,340.961,False,
S_abs2n45_5_L3,6466.16,v1,872.011,False,10
S_abs2n45_5_L6,18171.97,v6-11-gf503ffb,1227.284,False,
S_abs2n50_2_H3,12434.3,v6-11-gf503ffb,665.287,False,0.0054690428048954
S_abs2n50_2_H6,28122.91,v2,1569.215,False,
S_abs2n50_2_L3,4550.36,v6-11-gf503ffb,1500.17,False,0.0017581335653993
S_abs2n50_2_L6,11997.94,v2,1112.77,False,
S_abs2n50_3_H3,13118.66,v6-11-gf503ffb,1157.613,False,-0.55609375971232
S_abs2n50_3_H6,32171.97,v2,1497.366,False,
S_abs2n50_3_L3,5333.71,v2,1542.003,False,0.36259699987204
S_abs2n50_3_L6,15212.96,v6-11-gf503ffb,1114.609,False,
S_abs2n50_4_H3,14263.81,v1,1571.326,False,3.4072504933369
S_abs2n50_4_H6,34951.81,v6-11-gf503ffb,1161.356,False,
S_abs2n50_4_L3,6284.48,v2,1544.124,False,5.3382500838082
S_abs2n50_4_L6,19606.77,v6-21-g5876c9a,263.345,False,
S_abs2n50_5_H3,14794.51,v6-21-g5876c9a,1163.996,False,3.4702678356618
S_abs2n50_5_H6,38280.52,v10-2-g2ae249a,1487.644,False,
S_abs2n50_5_L3,7053.63,v6-21-g5876c9a,684.503,False,7.4511387005865
S_abs2n50_5_L6,22206.67,v1,1491.743,False,
S_abs2n5_2_H3,1756.39,v6-11-gf503ffb,0.193,True,0.018222508214372
S_abs2n5_2_H6,5141.16,v6-11-gf503ffb,2.434,True,0.028211708442694
S_abs2n5_2_L3,1155.91,v6-11-gf503ffb,0.013,True,0.0034605967799362
S_abs2n5_2_L6,3148.7,v6-11-gf503ffb,1.508,True,0.0034936273061836
S_abs2n5_3_H3,2156.69,v6-11-gf503ffb,0.787,True,0
S_abs2n5_3_H6,6171.42,v6-21-g5876c9a,81.133,False,0
S_abs2n5_3_L3,1561.07,v10-2-g2ae249a,0.059,True,0
S_abs2n5_3_L6,4184.4,v6-21-g5876c9a,56.85,False,0
S_abs2n5_4_H3,2386.4,v6-21-g5876c9a,0.278,True,0
S_abs2n5_4_H6,7052.4,v6-21-g5876c9a,5.372,False,0
S_abs2n5_4_L3,1791.03,v6-21-g5876c9a,0.741,True,0
S_abs2n5_4_L6,5089.23,v6-21-g5876c9a,96.087,False,0
S_abs2n5_5_H3,2594.02,v6-21-g5876c9a,0.607,True,0
S_abs2n5_5_H6,7939.93,v10-2-g2ae249a,126.542,False,0
S_abs2n5_5_L3,1997.96,v6-21-g5876c9a,0.629,True,0
S_abs2n5_5_L6,5972.8,v6-21-g5876c9a,63.034,False,0
S_abs3n10_2_H3,3755.23,v6-21-g5876c9a,0.068,True,0.0026630236503067
S_abs3n10_2_H6,8445.51,v6-21-g5876c9a,104.898,True,0
S_abs3n10_2_L3,2158.5,v6-21-g5876c9a,0.921,True,0.000926577962268
S_abs3n10_2_L6,5197.4,v6-21-g5876c9a,180.642,True,0
S_abs3n10_3_H3,4191.25,v6-21-g5876c9a,6.249,True,0
S_abs3n10_3_H6,9357.14,v6-21-g5876c9a,33.789,False,0
S_abs3n10_3_L3,2587.28,v6-21-g5876c9a,16.78,True,0
S_abs3n10_3_L6,6122.25,v6-21-g5876c9a,6.519,False,0
S_abs3n10_4_H3,4510.57,v10-2-g2ae249a,9.232,False,0.0093123288582353
S_abs3n10_4_H6,10442.39,v1,264.818,False,0.0002872913785756
S_abs3n10_4_L3,2906.78,v10-2-g2ae249a,8.244,False,0.00068805130111205
S_abs3n10_4_L6,7193.05,v2,302.788,False,0.0072297230599094
S_abs3n10_5_H3,4940.37,v6-21-g5876c9a,92.035,False,0
S_abs3n10_5_H6,11549.82,v6-21-g5876c9a,1268.478,False,1.0592575222509
S_abs3n10_5_L3,3339.2,v6-21-g5876c9a,259.336,False,0
S_abs3n10_5_L6,8181.52,v6-21-g5876c9a,1505.705,False,0.060416457736623
S_abs3n15_2_H3,5557.79,v10-2-g2ae249a,1.946,False,0.0064778143854305
S_abs3n15_2_H6,13241.2,v2,135.495,False,-0.0002265650547506
S_abs3n15_2_L3,2691.71,v10-2-g2ae249a,2.632,True,0.001486066271128
S_abs3n15_2_L6,6907.62,v2,712.678,False,0.2381294431602
S_abs3n15_3_H3,5836.99,v10-2-g2ae249a,6.816,True,0
S_abs3n15_3_H6,14413.81,v6-21-g5876c9a,706.992,False,0.12371492081134
S_abs3n15_3_L3,2964.51,v6-21-g5876c9a,26.921,True,0
S_abs3n15_3_L6,8046.61,v10-2-g2ae249a,1486.916,False,0.10176116480456
S_abs3n15_4_H3,6518.63,v6-21-g5876c9a,293.929,False,0.0021477366690892
S_abs3n15_4_H6,15587.74,v2,1554.342,False,0.48761934231987
S_abs3n15_4_L3,3649.05,v6-21-g5876c9a,57.276,False,0.0005480908624955
S_abs3n15_4_L6,9242.66,v2,1425.265,False,0.8619908835652
S_abs3n15_5_H3,6892.46,v1,34.341,False,0
S_abs3n15_5_H6,16930.48,v6-21-g5876c9a,1134.617,False,1.6473244036719
S_abs3n15_5_L3,4025.27,v10-2-g2ae249a,1186.659,False,0
S_abs3n15_5_L6,10793.45,v6-21-g5876c9a,637.561,False,4.6211482353854
S_abs3n20_2_H3,6238.99,v6-21-g5876c9a,2.595,True,0
S_abs3n20_2_H6,13774.43,v6-21-g5876c9a,505.384,False,0.0002177953304816
S_abs3n20_2_L3,2681.93,v6-21-g5876c9a,4.056,True,0
S_abs3n20_2_L6,7351.06,v10-2-g2ae249a,1289.139,False,0
S_abs3n20_3_H3,6487.39,v6-21-g5876c9a,2.669,True,0
S_abs3n20_3_H6,14721.41,v6-21-g5876c9a,295.644,False,-0.0019698811957958
S_abs3n20_3_L3,2928.09,v10-2-g2ae249a,13.983,False,0
S_abs3n20_3_L6,8433.48,v2,1033.556,False,2.0421793894515
S_abs3n20_4_H3,7060.93,v6-21-g5876c9a,1188.327,False,0
S_abs3n20_4_H6,15771.18,v1,1394.321,False,0.17136469302981
S_abs3n20_4_L3,3508.79,v6-21-g5876c9a,219.729,False,0
S_abs3n20_4_L6,9378.18,v6-21-g5876c9a,1354.256,False,0.84866967909274
S_abs3n20_5_H3,7464.33,v6-21-g5876c9a,1201.256,False,0.4035333379067
S_abs3n20_5_H6,17327.23,v1,1005.163,False,3.1118820778015
S_abs3n20_5_L3,3879.79,v6-21-g5876c9a,259.939,False,0
S_abs3n20_5_L6,10795.62,v6-21-g5876c9a,1570.201,False,4.0862723924488
S_abs3n25_2_H3,8030.57,v6-21-g5876c9a,39.7,True,0.0084683600896085
S_abs3n25_2_H6,17508.48,v6-21-g5876c9a,1303.56,False,0.83613138055554
S_abs3n25_2_L3,3292.91,v6-21-g5876c9a,261.834,True,0.0018221297660048
S_abs3n25_2_L6,8651.96,v1,1538.733,False,1.5235645590534
S_abs3n25_3_H3,8629.85,v6-21-g5876c9a,279.104,False,0
S_abs3n25_3_H6,19585.93,v6-21-g5876c9a,678.361,False,2.603764491406
S_abs3n25_3_L3,3889.69,v6-21-g5876c9a,328.89,False,0
S_abs3n25_3_L6,10826.56,v1,471.533,False,6.254207845485
S_abs3n25_4_H3,9351.69,v6-21-g5876c9a,1219.414,False,1.0800095549284
S_abs3n25_4_H6,21525.49,v1,1415.448,False,2.8859509504486
S_abs3n25_4_L3,4617.11,v2,1139.852,False,2.4055981280428
S_abs3n25_4_L6,12582.62,v6-21-g5876c9a,839.36,False,4.4400175967197
S_abs3n25_5_H3,10251.69,v1,1154.962,False,4.5955269062071
S_abs3n25_5_H6,23299.32,v6-21-g5876c9a,1287.558,False,2.5832357369918
S_abs3n25_5_L3,5455.85,v2,680.861,False,8.0291464947974
S_abs3n25_5_L6,15111.05,v2,1006.953,False,8.3035298333632
S_abs3n30_2_H3,9826.71,v10-2-g2ae249a,10.239,False,0.0040707040587895
S_abs3n30_2_H6,20990.93,v2,1052.808,False,0.0048118334896152
S_abs3n30_2_L3,3369.22,v10-2-g2ae249a,340.239,False,0.00059361272706226
S_abs3n30_2_L6,8198.13,v6-21-g5876c9a,1058.269,False,0.0014637698660946
S_abs3n30_3_H3,10037.21,v6-21-g5876c9a,19.173,True,9.9629378702559e-05
S_abs3n30_3_H6,21982.44,v1,1178.49,False,0.42688108182192
S_abs3n30_3_L3,3573.68,v10-2-g2ae249a,54.434,False,0
S_abs3n30_3_L6,9174.34,v6-21-g5876c9a,1544.941,False,0.0014170157430549
S_abs3n30_4_H3,10372.87,v10-2-g2ae249a,862.485,False,0.00019281104035596
S_abs3n30_4_H6,23207.45,v2,1486.882,False,1.334611253264
S_abs3n30_4_L3,3895.14,v2,1036.763,False,0
S_abs3n30_4_L6,10422.23,v1,1358.262,False,4.3081456038319
S_abs3n30_5_H3,10709.87,v6-21-g5876c9a,527.243,False,0.29564631074237
S_abs3n30_5_H6,24697.19,v2,1561.475,False,3.4541273258883
S_abs3n30_5_L3,4288.8,v2,857.894,False,1.8243288160381
S_abs3n30_5_L6,12567.44,v6-21-g5876c9a,1469.272,False,10
S_abs3n35_2_H3,11334.79,v6-21-g5876c9a,722.808,False,0
S_abs3n35_2_H6,24768.68,v6-21-g5876c9a,833.02,False,
S_abs3n35_2_L3,3916.96,v6-21-g5876c9a,327.027,False,0.31243917679959
S_abs3n35_2_L6,10071.32,v6-21-g5876c9a,257.347,False,
S_abs3n35_3_H3,11978.43,v6-21-g5876c9a,80.561,False,0.81351515809513
S_abs3n35_3_H6,27130.25,v6-21-g5876c9a,678.099,False,
S_abs3n35_3_L3,4537.22,v1,1179.312,False,2.0388794933612
S_abs3n35_3_L6,11851.82,v6-21-g5876c9a,1079.94,False,
S_abs3n35_4_H3,12564.69,v1,1017.176,False,0.81666320305611
S_abs3n35_4_H6,28754.71,v6-21-g5876c9a,1411.752,False,
S_abs3n35_4_L3,5197.14,v6-21-g5876c9a,1302.56,False,3.8879471638975
S_abs3n35_4_L6,14883.81,v6-21-g5876c9a,1541.353,False,
S_abs3n35_5_H3,13202.99,v6-21-g5876c9a,1530.139,False,0.97124577183065
S_abs3n35_5_H6,31818.09,v6-21-g5876c9a,1289.56,False,
S_abs3n35_5_L3,5913.82,v6-21-g5876c9a,924.919,False,4.8765348901547
S_abs3n35_5_L6,17353.56,v6-21-g5876c9a,1225.219,False,
S_abs3n40_2_H3,11087.39,v6-21-g5876c9a,119.663,True,0.006313877270836
S_abs3n40_2_H6,24773.48,v10-2-g2ae249a,547.759,False,
S_abs3n40_2_L3,3829.76,v6-21-g5876c9a,93.933,True,0.0020889473794306
S_abs3n40_2_L6,9418.43,v1,1250.494,False,
S_abs3n40_3_H3,11310.05,v6-21-g5876c9a,338.967,False,0.11640361515106
S_abs3n40_3_H6,26118.52,v1,1546.745,False,
S_abs3n40_3_L3,4088,v6-21-g5876c9a,1218.945,False,1.3300812524477
S_abs3n40_3_L6,10623.45,v6-21-g5876c9a,1552.174,False,
S_abs3n40_4_H3,11672.69,v6-21-g5876c9a,863.426,False,0.37146942815205
S_abs3n40_4_H6,27200.13,v6-21-g5876c9a,1463.615,False,
S_abs3n40_4_L3,4430.24,v6-21-g5876c9a,246.592,False,1.4620740197875
S_abs3n40_4_L6,12279.16,v6-21-g5876c9a,1556.188,False,
S_abs3n40_5_H3,11962.01,v6-21-g5876c9a,1037.436,False,0.44133020416559
S_abs3n40_5_H6,28893.18,v6-21-g5876c9a,1586.58,False,
S_abs3n40_5_L3,4926.02,v6-21-g5876c9a,1508.905,False,6.1399766432668
S_abs3n40_5_L6,14862.23,v1,1386.878,False,
S_abs3n45_2_H3,11926.76,v6-21-g5876c9a,197.352,True,0
S_abs3n45_2_H6,25423.36,v6-21-g5876c9a,1007.161,False,
S_abs3n45_2_L3,3814.88,v6-21-g5876c9a,368.157,False,0
S_abs3n45_2_L6,9661.56,v6-21-g5876c9a,1311.772,False,
S_abs3n45_3_H3,12088.54,v10-2-g2ae249a,190.72,True,0.00033089299749101
S_abs3n45_3_H6,26248.97,v6-21-g5876c9a,1219.428,False,
S_abs3n45_3_L3,3960.58,v6-21-g5876c9a,41.727,True,0
S_abs3n45_3_L6,10711.26,v6-21-g5876c9a,1460.294,False,
S_abs3n45_4_H3,12370.24,v10-2-g2ae249a,1046.039,False,0.00032335774684533
S_abs3n45_4_H6,27677.65,v6-21-g5876c9a,955.144,False,
S_abs3n45_4_L3,4207.66,v6-21-g5876c9a,576.011,False,0
S_abs3n45_4_L6,11675.53,v6-21-g5876c9a,1028.391,False,
S_abs3n45_5_H3,12742.21,v6-21-g5876c9a,1396.948,False,0.74374572071467
S_abs3n45_5_H6,29555.74,v6-21-g5876c9a,1476.891,False,
S_abs3n45_5_L3,4680.26,v6-21-g5876c9a,1551.127,False,3.9877532338839
S_abs3n45_5_L6,13513.96,v10-2-g2ae249a,1508.771,False,
S_abs3n50_2_H3,12495.08,v6-21-g5876c9a,437.511,False,0.10310674151452
S_abs3n50_2_H6,27974.43,v0,679.899,False,
S_abs3n50_2_L3,4405.66,v6-21-g5876c9a,497.29,False,0.084053467091927
S_abs3n50_2_L6,11415.4,v0,1195.542,False,
S_abs3n50_3_H3,12904.74,v6-21-g5876c9a,906.495,False,-0.4564209409044
S_abs3n50_3_H6,29364.43,v6-21-g5876c9a,1080.662,False,
S_abs3n50_3_L3,4939.63,v1,1542.327,False,2.3766000132644
S_abs3n50_3_L6,13326.02,v6-21-g5876c9a,1367.974,False,
S_abs3n50_4_H3,13643.32,v1,1097.968,False,2.0084188804235
S_abs3n50_4_H6,34016.31,v6-21-g5876c9a,1299.126,False,
S_abs3n50_4_L3,5679.09,v6-21-g5876c9a,1473.709,False,9.1813546809394
S_abs3n50_4_L6,17886.22,v6-21-g5876c9a,241.598,False,
S_abs3n50_5_H3,14331.9,v6-21-g5876c9a,771.105,False,3.2400694130791
S_abs3n50_5_H6,35035.68,v6-21-g5876c9a,290.99,False,
S_abs3n50_5_L3,6201.83,v6-21-g5876c9a,764.864,False,6.9437762430701
S_abs3n50_5_L6,17749.65,v6-21-g5876c9a,281.117,False,
S_abs3n5_2_H3,3290.7,v6-21-g5876c9a,0.097,True,0
S_abs3n5_2_H6,7746.36,v6-21-g5876c9a,2.436,True,0
S_abs3n5_2_L3,2401.33,v6-21-g5876c9a,0.111,True,0
S_abs3n5_2_L6,5926.65,v10-2-g2ae249a,6.353,True,0
S_abs3n5_3_H3,3828.96,v6-21-g5876c9a,0.047,True,0
S_abs3n5_3_H6,9501.22,v10-2-g2ae249a,15.659,False,0
S_abs3n5_3_L3,2960.75,v6-21-g5876c9a,0.488,True,0
S_abs3n5_3_L6,7667.42,v10-2-g2ae249a,6.186,False,0
S_abs3n5_4_H3,4445.22,v6-21-g5876c9a,1.35,True,0
S_abs3n5_4_H6,11116.59,v6-21-g5876c9a,23.052,False,0.026903973509929
S_abs3n5_4_L3,3567.05,v10-2-g2ae249a,1.368,True,0
S_abs3n5_4_L6,9285.36,v6-21-g5876c9a,26.383,False,0.0079701700231194
S_abs3n5_5_H3,4798.59,v6-21-g5876c9a,4.866,False,0
S_abs3n5_5_H6,13232.37,v6-21-g5876c9a,249.811,False,1.4952333396996
S_abs3n5_5_L3,3929.15,v6-21-g5876c9a,6.812,False,0
S_abs3n5_5_L6,11439.22,v10-2-g2ae249a,52.485,False,1.7128762699416
S_abs4n10_2_H3,4051.83,v6-21-g5876c9a,2.906,True,0
S_abs4n10_2_H6,9284.36,v6-21-g5876c9a,60.012,True,0
S_abs4n10_2_L3,2421.88,v6-21-g5876c9a,12.143,True,0
S_abs4n10_2_L6,6139.11,v6-21-g5876c9a,30.313,True,0
S_abs4n10_3_H3,4743.88,v6-21-g5876c9a,17.496,True,0
S_abs4n10_3_H6,10600.96,v6-21-g5876c9a,188.705,False,0.11767483590688
S_abs4n10_3_L3,3123.18,v6-21-g5876c9a,2.957,True,0
S_abs4n10_3_L6,7423.9,v6-21-g5876c9a,1440.766,False,0
S_abs4n10_4_H3,5243.54,v10-2-g2ae249a,40.705,False,0.0051494582579137
S_abs4n10_4_H6,11924.97,v6-21-g5876c9a,1457.235,False,1.5417352483117
S_abs4n10_4_L3,3623.03,v6-21-g5876c9a,61.193,False,0.0011040604583679
S_abs4n10_4_L6,8737.61,v6-21-g5876c9a,424.496,False,1.7689817872214
S_abs4n10_5_H3,5717.36,v6-21-g5876c9a,890.45,False,0
S_abs4n10_5_H6,13174.95,v0,544.292,False,0.0003795095218972
S_abs4n10_5_L3,4096.78,v6-21-g5876c9a,497.05,False,0
S_abs4n10_5_L6,10029.35,v6-21-g5876c9a,695.79,False,0.073338654959088
S_abs4n15_2_H3,4577.72,v6-21-g5876c9a,9.986,True,0.0056800059421658
S_abs4n15_2_H6,10477.25,v6-21-g5876c9a,78.036,True,0.015559938218446
S_abs4n15_2_L3,2437.72,v10-2-g2ae249a,2.95,True,0.00082044550191451
S_abs4n15_2_L6,6048.59,v6-21-g5876c9a,90.46,True,0.017527817141882
S_abs4n15_3_H3,4944.26,v6-21-g5876c9a,5.577,True,0
S_abs4n15_3_H6,11533.91,v6-21-g5876c9a,295.984,False,0.26086805344274
S_abs4n15_3_L3,2810.33,v6-21-g5876c9a,2.48,True,0
S_abs4n15_3_L6,7078.42,v1,373.978,False,0
S_abs4n15_4_H3,5256.56,v6-21-g5876c9a,80.985,True,0
S_abs4n15_4_H6,12816.38,v1,1444.773,False,1.1328181099392
S_abs4n15_4_L3,3124.19,v6-21-g5876c9a,34.122,False,0
S_abs4n15_4_L6,8412.65,v6-21-g5876c9a,1166.182,False,1.6528795798866
S_abs4n15_5_H3,5627.24,v6-21-g5876c9a,281.888,False,0
S_abs4n15_5_H6,13961.66,v6-21-g5876c9a,778.16,False,1.5504236825836
S_abs4n15_5_L3,3496.54,v6-21-g5876c9a,56.199,False,0
S_abs4n15_5_L6,9502.62,v1,1331.874,False,1.9516753552036
S_abs4n20_2_H3,6335.48,v6-21-g5876c9a,87.371,True,0
S_abs4n20_2_H6,14358.64,v1,1540.252,False,0.29028265540179
S_abs4n20_2_L3,3455.87,v6-21-g5876c9a,66.114,True,0
S_abs4n20_2_L6,8222.86,v6-21-g5876c9a,825.323,False,0.27498960405157
S_abs4n20_3_H3,6873.98,v1,35.306,False,0
S_abs4n20_3_H6,16371.4,v1,1560.201,False,1.5469544721499
S_abs4n20_3_L3,4046.38,v6-21-g5876c9a,11.388,False,1.5624490164729
S_abs4n20_3_L6,9996.53,v6-21-g5876c9a,1378.611,False,0.39176421438269
S_abs4n20_4_H3,7639.88,v0,104.007,False,1.2686617613336
S_abs4n20_4_H6,18208.84,v1,1567.351,False,2.7157958865936
S_abs4n20_4_L3,4692.67,v6-21-g5876c9a,1032.398,False,0.50739133600917
S_abs4n20_4_L6,12155.05,v6-21-g5876c9a,1345.831,False,5.1102117761002
S_abs4n20_5_H3,8120.73,v6-21-g5876c9a,1046.937,False,1.4808372166259
S_abs4n20_5_H6,20105.55,v6-21-g5876c9a,814.675,False,4.1797719040982
S_abs4n20_5_L3,5227.32,v6-21-g5876c9a,1596.725,False,2.2752752380636
S_abs4n20_5_L6,14078.89,v6-21-g5876c9a,1547.879,False,7.1803558242043
S_abs4n25_2_H3,7159.82,v6-21-g5876c9a,14.23,True,0.0039108657818865
S_abs4n25_2_H6,15289.98,v10-2-g2ae249a,297.964,False,0.0013734673575794
S_abs4n25_2_L3,3099.7,v6-21-g5876c9a,21.44,True,0.0009678449641281
S_abs4n25_2_L6,7746.31,v10-2-g2ae249a,724.642,False,0.0015491486782704
S_abs4n25_3_H3,7577.28,v1,263.132,False,0
S_abs4n25_3_H6,16390.85,v1,868.925,False,1.0535161285748
S_abs4n25_3_L3,3511.2,v10-2-g2ae249a,121.373,False,0
S_abs4n25_3_L6,8818.92,v1,906.163,False,1.68738714431
S_abs4n25_4_H3,7965.14,v1,105.129,False,0
S_abs4n25_4_H6,17869.3,v1,1388.616,False,3.6586497743436
S_abs4n25_4_L3,3920.34,v1,1202.636,False,0.60150375939849
S_abs4n25_4_L6,10557.86,v1,1413.231,False,8.2962955364882
S_abs4n25_5_H3,8525.28,v1,1236.026,False,3.367549596607
S_abs4n25_5_H6,18897.46,v1,1236.202,False,3.0766797211646
S_abs4n25_5_L3,4230.86,v1,1019.923,False,0.001181806793471
S_abs4n25_5_L6,10898.73,v6-21-g5876c9a,1584.933,False,2.2471667667367
S_abs4n30_2_H3,8223.26,v6-21-g5876c9a,450.234,True,0
S_abs4n30_2_H6,16721.65,v6-21-g5876c9a,1176.703,False,0.14703152044369
S_abs4n30_2_L3,3422.3,v1,724.546,True,0
S_abs4n30_2_L6,8108.42,v1,1532.373,False,0.52740680496115
S_abs4n30_3_H3,8546.37,v6-21-g5876c9a,443.324,False,0
S_abs4n30_3_H6,17777.5,v6-21-g5876c9a,1005.309,False,-0.47028525039891
S_abs4n30_3_L3,3782.8,v6-21-g5876c9a,286.141,False,0
S_abs4n30_3_L6,9402.01,v6-21-g5876c9a,1097.919,False,2.2060925724013
S_abs4n30_4_H3,9097.03,v6-21-g5876c9a,310.012,False,0.23303525388174
S_abs4n30_4_H6,19294.25,v6-21-g5876c9a,710.325,False,1.4531047066185
S_abs4n30_4_L3,4304.15,v1,931.207,False,0.88907745029556
S_abs4n30_4_L6,11260.65,v6-21-g5876c9a,1126.564,False,8.4162133538728
S_abs4n30_5_H3,9582,v10-2-g2ae249a,1281.745,False,0.24470085085593
S_abs4n30_5_H6,20486.75,v10-2-g2ae249a,1355.159,False,0.16599194242353
S_abs4n30_5_L3,4764.7,v6-21-g5876c9a,1213.752,False,1.2312104955649
S_abs4n30_5_L6,12608.18,v6-21-g5876c9a,1573.814,False,5.8248140873915
S_abs4n35_2_H3,8573.28,v6-21-g5876c9a,613.792,True,0.007698929848754
S_abs4n35_2_H6,19110.07,v1,339.746,False,
S_abs4n35_2_L3,3244.27,v6-21-g5876c9a,49.823,True,0.0018494487101561
S_abs4n35_2_L6,8643.01,v1,431.338,False,
S_abs4n35_3_H3,9158.52,v6-21-g5876c9a,365.9,False,0.16536518144237
S_abs4n35_3_H6,20799.95,v1,1448.28,False,
S_abs4n35_3_L3,3815.15,v6-21-g5876c9a,1402.271,False,0.031988001877337
S_abs4n35_3_L6,10737.96,v1,971.515,False,
S_abs4n35_4_H3,9730.43,v6-21-g5876c9a,1249.131,False,1.0164526001503
S_abs4n35_4_H6,22661.27,v6-21-g5876c9a,1345.342,False,
S_abs4n35_4_L3,4593.63,v6-21-g5876c9a,810.693,False,6.6983334301144
S_abs4n35_4_L6,12733.8,v6-21-g5876c9a,1451.211,False,
S_abs4n35_5_H3,10143.11,v6-21-g5876c9a,1021.139,False,1.4100067186025
S_abs4n35_5_H6,25108.41,v1,1389.936,False,
S_abs4n35_5_L3,5019.41,v6-21-g5876c9a,1553.438,False,7.5384302257073
S_abs4n35_5_L6,14665.71,v6-21-g5876c9a,1503.52,False,
S_abs4n40_2_H3,9445.91,v6-21-g5876c9a,138.424,True,0.0063523590014603
S_abs4n40_2_H6,20581.47,v6-21-g5876c9a,1482.948,False,
S_abs4n40_2_L3,3520.33,v10-2-g2ae249a,321.751,False,0.0011362700232054
S_abs4n40_2_L6,9604.11,v6-21-g5876c9a,1289.511,False,
S_abs4n40_3_H3,9703.89,v6-21-g5876c9a,1240.12,False,0
S_abs4n40_3_H6,22009.97,v6-21-g5876c9a,1103.96,False,
S_abs4n40_3_L3,3777.89,v6-21-g5876c9a,220.085,False,0
S_abs4n40_3_L6,11057.61,v6-21-g5876c9a,811.306,False,
S_abs4n40_4_H3,10234.42,v6-21-g5876c9a,1460.182,False,0.49301811333429
S_abs4n40_4_H6,23205.39,v1,1539.034,False,
S_abs4n40_4_L3,4299.13,v6-21-g5876c9a,1446.633,False,1.0065103646603
S_abs4n40_4_L6,12556.4,v6-21-g5876c9a,1293.716,False,
S_abs4n40_5_H3,10629.7,v6-21-g5876c9a,773.47,False,1.3181259716282
S_abs4n40_5_H6,24985.44,v6-21-g5876c9a,1566.597,False,
S_abs4n40_5_L3,4666.19,v6-21-g5876c9a,899.903,False,2.2975452658071
S_abs4n40_5_L6,14517.68,v1,1546.556,False,
S_abs4n45_2_H3,11395.09,v6-21-g5876c9a,687.367,False,0
S_abs4n45_2_H6,25783.43,v6-21-g5876c9a,333.487,False,
S_abs4n45_2_L3,4189.42,v6-21-g5876c9a,665.76,False,0
S_abs4n45_2_L6,10702.24,v6-21-g5876c9a,1575.8,False,
S_abs4n45_3_H3,12034.89,v6-21-g5876c9a,1128.904,False,1.6603693257411
S_abs4n45_3_H6,28688.28,v1,755.807,False,
S_abs4n45_3_L3,4745.38,v6-21-g5876c9a,1595.541,False,1.9783724308666
S_abs4n45_3_L6,12963.94,v6-21-g5876c9a,852.017,False,
S_abs4n45_4_H3,12776.44,v1,1153.327,False,1.0107047420268
S_abs4n45_4_H6,30534.95,v6-21-g5876c9a,1520.755,False,
S_abs4n45_4_L3,5851.39,v6-21-g5876c9a,550.598,False,8.4912726989554
S_abs4n45_4_L6,14652.72,v6-21-g5876c9a,907.964,False,
S_abs4n45_5_H3,13751.41,v6-21-g5876c9a,1434.933,False,5.8794407058932
S_abs4n45_5_H6,33498.87,v6-21-g5876c9a,967.361,False,
S_abs4n45_5_L3,6207.44,v6-21-g5876c9a,302.951,False,3.1233854368271
S_abs4n45_5_L6,17804.94,v6-21-g5876c9a,1395.155,False,
S_abs4n50_2_H3,13390.85,v1,92.554,False,0.045200525969769
S_abs4n50_2_H6,29451.83,v6-21-g5876c9a,571.886,False,
S_abs4n50_2_L3,4319.84,v1,64.259,False,0
S_abs4n50_2_L6,11915.35,v0,1188.094,False,
S_abs4n50_3_H3,14160.67,v6-21-g5876c9a,1480.417,False,1.0658517071541
S_abs4n50_3_H6,32997,v6-21-g5876c9a,1086.05,False,
S_abs4n50_3_L3,5024.86,v6-21-g5876c9a,1093.533,False,1.6470312171281
S_abs4n50_3_L6,14070.86,v1,1422.157,False,
S_abs4n50_4_H3,14899.21,v6-21-g5876c9a,690.28,False,1.036047368753
S_abs4n50_4_H6,36846.05,v6-21-g5876c9a,237.53,False,
S_abs4n50_4_L3,6056.2,v6-21-g5876c9a,229.502,False,7.7431613105235
S_abs4n50_4_L6,16599.36,v6-21-g5876c9a,1558.893,False,
S_abs4n50_5_H3,15671.42,v6-21-g5876c9a,804.824,False,1.3011526082845
S_abs4n50_5_H6,39523.66,v6-21-g5876c9a,501.905,False,
S_abs4n50_5_L3,6802.22,v6-21-g5876c9a,1592.986,False,6.0854457721592
S_abs4n50_5_L6,20200.75,v6-21-g5876c9a,532.086,False,
S_abs4n5_2_H3,2143.15,v6-21-g5876c9a,0.343,True,0
S_abs4n5_2_H6,5419.55,v10-2-g2ae249a,3.587,True,0
S_abs4n5_2_L3,1701.71,v10-2-g2ae249a,0.851,False,0
S_abs4n5_2_L6,3776.7,v6-21-g5876c9a,13.609,True,0.0042366822541329
S_abs4n5_3_H3,2716.21,v6-21-g5876c9a,0.59,True,0
S_abs4n5_3_H6,6107.27,v6-21-g5876c9a,16.371,False,0
S_abs4n5_3_L3,2275.59,v6-21-g5876c9a,0.495,True,0
S_abs4n5_3_L6,4465.87,v6-21-g5876c9a,192.343,False,0
S_abs4n5_4_H3,3052.35,v6-21-g5876c9a,0.75,True,0
S_abs4n5_4_H6,6691.25,v6-21-g5876c9a,71.482,False,0.064603637244587
S_abs4n5_4_L3,2616,v6-21-g5876c9a,0.567,True,0
S_abs4n5_4_L6,5056.62,v6-21-g5876c9a,17.972,False,0.0049442584304504
S_abs4n5_5_H3,3742.31,v6-21-g5876c9a,1.6,True,0.012827947822314
S_abs4n5_5_H6,7881.11,v6-21-g5876c9a,155.065,False,0
S_abs4n5_5_L3,3303.45,v6-21-g5876c9a,1.318,True,0.0018163159663187
S_abs4n5_5_L6,6255.56,v6-21-g5876c9a,216.895,False,0
S_abs5n10_2_H3,4113.44,v6-21-g5876c9a,1.302,True,0
S_abs5n10_2_H6,9200.85,v6-21-g5876c9a,39.752,True,0
S_abs5n10_2_L3,2076.4,v6-21-g5876c9a,1.032,True,0
S_abs5n10_2_L6,5055.15,v6-21-g5876c9a,7.936,True,0
S_abs5n10_3_H3,4407.1,v10-2-g2ae249a,4.816,False,0
S_abs5n10_3_H6,9884.53,v6-21-g5876c9a,81.317,False,0
S_abs5n10_3_L3,2378.33,v6-21-g5876c9a,1.56,True,0
S_abs5n10_3_L6,5741.72,v6-21-g5876c9a,344.307,False,0
S_abs5n10_4_H3,4827.04,v6-21-g5876c9a,6.477,True,0
S_abs5n10_4_H6,10685.73,v6-21-g5876c9a,138.656,False,0.29848140545319
S_abs5n10_4_L3,2789.31,v6-21-g5876c9a,25.001,True,0
S_abs5n10_4_L6,6522.67,v6-21-g5876c9a,1068.639,False,0.0021464063791221
S_abs5n10_5_H3,4954.12,v6-21-g5876c9a,2.963,True,0
S_abs5n10_5_H6,11432.09,v6-21-g5876c9a,145.8,False,1.6100876904507
S_abs5n10_5_L3,2911.11,v6-21-g5876c9a,4.03,True,0
S_abs5n10_5_L6,7325.81,v0,404.145,False,2.7157423038311
S_abs5n15_2_H3,4522.03,v6-21-g5876c9a,17.241,True,0
S_abs5n15_2_H6,10536.45,v10-2-g2ae249a,122.21,False,0
S_abs5n15_2_L3,2529.78,v6-21-g5876c9a,2.653,True,0
S_abs5n15_2_L6,6281.02,v6-21-g5876c9a,1405.871,False,0.015923516167149
S_abs5n15_3_H3,5171.75,v6-21-g5876c9a,52.86,True,0
S_abs5n15_3_H6,11827.95,v1,1596.804,False,0.4687087236054
S_abs5n15_3_L3,3179.78,v10-2-g2ae249a,68.405,False,0
S_abs5n15_3_L6,7635.75,v6-21-g5876c9a,1545.368,False,1.5289678170823
S_abs5n15_4_H3,5579.89,v6-21-g5876c9a,190.301,False,0
S_abs5n15_4_H6,13161.18,v6-21-g5876c9a,667.054,False,0.097959432017825
S_abs5n15_4_L3,3590.26,v6-21-g5876c9a,93.284,False,0
S_abs5n15_4_L6,8967.55,v6-21-g5876c9a,1464.468,False,0.82718872765624
S_abs5n15_5_H3,6175.82,v6-21-g5876c9a,298.294,False,0.1258094117113
S_abs5n15_5_H6,14747.88,v1,1122.754,False,0.96239551457149
S_abs5n15_5_L3,4182.96,v6-21-g5876c9a,236.061,False,0.18250010777565
S_abs5n15_5_L6,10623.87,v6-21-g5876c9a,1050.684,False,2.6381535726707
S_abs5n20_2_H3,7003.41,v6-21-g5876c9a,1002.665,False,0
S_abs5n20_2_H6,15930.7,v6-21-g5876c9a,1309.034,False,1.5461361257612
S_abs5n20_2_L3,3273.17,v6-21-g5876c9a,205.706,True,0
S_abs5n20_2_L6,8462.2,v6-21-g5876c9a,1484.919,False,1.1166542195669
S_abs5n20_3_H3,7805.52,v1,1389.481,False,1.2253875292925
S_abs5n20_3_H6,18600.45,v1,1545.951,False,5.7005904314867
S_abs5n20_3_L3,4197.97,v0,172.635,False,5.4705381347309
S_abs5n20_3_L6,11012.81,v6-21-g5876c9a,254.148,False,7.1587315487832
S_abs5n20_4_H3,8477.51,v6-21-g5876c9a,548.148,False,1.5949580677866
S_abs5n20_4_H6,20676.31,v1,1262.044,False,4.9537572841161
S_abs5n20_4_L3,4710.74,v6-21-g5876c9a,933.576,False,1.9470780843885
S_abs5n20_4_L6,12975.61,v1,913.657,False,4.8305420231545
S_abs5n20_5_H3,9288.43,v6-21-g5876c9a,938.44,False,2.2316460976461
S_abs5n20_5_H6,22824.37,v6-21-g5876c9a,1431.092,False,5.6473479816518
S_abs5n20_5_L3,5497.37,v6-21-g5876c9a,1447.184,False,2.5244264744005
S_abs5n20_5_L6,15175.73,v6-21-g5876c9a,456.321,False,6.0127837932239
S_abs5n25_2_H3,8610.47,v6-21-g5876c9a,206.144,True,0.0025550942190922
S_abs5n25_2_H6,18275.65,v6-21-g5876c9a,1270.096,False,0.7399090038156
S_abs5n25_2_L3,3304.76,v6-21-g5876c9a,400.433,True,0.0006051913312488
S_abs5n25_2_L6,8437.29,v6-21-g5876c9a,1387.848,False,1.429119266783
S_abs5n25_3_H3,9281.37,v6-21-g5876c9a,889.684,False,0.57736758094038
S_abs5n25_3_H6,20590.26,v6-21-g5876c9a,1491.987,False,2.9791043581767
S_abs5n25_3_L3,3952.08,v6-21-g5876c9a,670.58,False,0.862108567491
S_abs5n25_3_L6,10706.35,v1,1187.482,False,5.8682474858844
S_abs5n25_4_H3,9931.73,v6-21-g5876c9a,1125.931,False,1.5185262036743
S_abs5n25_4_H6,22503.07,v1,1229.843,False,2.7490525546779
S_abs5n25_4_L3,4531.3,v6-21-g5876c9a,389.748,False,1.3518651892477
S_abs5n25_4_L6,12853.66,v6-21-g5876c9a,1357.202,False,5.8184392725716
S_abs5n25_5_H3,10537.65,v6-21-g5876c9a,1532.502,False,1.0479106514249
S_abs5n25_5_H6,24957.41,v1,1394.586,False,5.1653070168046
S_abs5n25_5_L3,5196.06,v6-21-g5876c9a,966.955,False,1.6411849394385
S_abs5n25_5_L6,14671.12,v6-21-g5876c9a,1319.946,False,4.55920293057
S_abs5n30_2_H3,8115.83,v6-21-g5876c9a,408.654,True,0
S_abs5n30_2_H6,17833.52,v1,167.068,False,0.69677675814732
S_abs5n30_2_L3,3020.61,v6-21-g5876c9a,187.617,True,0
S_abs5n30_2_L6,8041.87,v6-21-g5876c9a,1481.222,False,2.4387230237363
S_abs5n30_3_H3,8512.77,v6-21-g5876c9a,1043.466,False,0.11760873221316
S_abs5n30_3_H6,19258.88,v6-21-g5876c9a,1121.997,False,2.2732969390573
S_abs5n30_3_L3,3418.41,v6-21-g5876c9a,1127.949,False,0.73731578156357
S_abs5n30_3_L6,9604.66,v6-21-g5876c9a,812.276,False,6.0816012317167
S_abs5n30_4_H3,8961.24,v6-21-g5876c9a,1030.484,False,0.5747455395773
S_abs5n30_4_H6,20377.19,v1,1579.639,False,2.0962683127242
S_abs5n30_4_L3,3902.68,v6-21-g5876c9a,265.002,False,2.7981403679753
S_abs5n30_4_L6,10688.69,v10-2-g2ae249a,1491.428,False,5.164308624727
S_abs5n30_5_H3,9479.84,v1,1150.255,False,2.2386103942185
S_abs5n30_5_H6,22384.77,v1,1203.336,False,5.9358273585575
S_abs5n30_5_L3,4367.97,v10-2-g2ae249a,1210.872,False,5.0773290737591
S_abs5n30_5_L6,12742.05,v1,1301.07,False,10
S_abs5n35_2_H3,9013.45,v6-21-g5876c9a,4.058,False,0.0053256584677586
S_abs5n35_2_H6,20169.54,v1,188.365,False,
S_abs5n35_2_L3,3382.98,v6-21-g5876c9a,3.115,True,0.0017736156929571
S_abs5n35_2_L6,9072.87,v1,580.275,False,
S_abs5n35_3_H3,9464.47,v6-21-g5876c9a,537.265,False,0.10788775865296
S_abs5n35_3_H6,21906.29,v10-2-g2ae249a,1095.475,False,
S_abs5n35_3_L3,3888.7,v6-21-g5876c9a,844.213,False,1.6924774711165
S_abs5n35_3_L6,10546.35,v6-21-g5876c9a,353.171,False,
S_abs5n35_4_H3,10023.91,v6-21-g5876c9a,1010.601,False,1.702909983391
S_abs5n35_4_H6,23456.04,v1,672.483,False,
S_abs5n35_4_L3,4318.66,v6-21-g5876c9a,656.306,False,2.2298708000549
S_abs5n35_4_L6,12241.76,v10-2-g2ae249a,1435.225,False,
S_abs5n35_5_H3,10668.09,v6-21-g5876c9a,363.901,False,4.0142857560716
S_abs5n35_5_H6,26365.27,v6-21-g5876c9a,178.226,False,
S_abs5n35_5_L3,4860.25,v6-21-g5876c9a,1241.921,False,5.1005756447351
S_abs5n35_5_L6,14733.94,v6-21-g5876c9a,1556.251,False,
S_abs5n40_2_H3,10723.27,v6-21-g5876c9a,1309.941,False,0
S_abs5n40_2_H6,23036.22,v1,1264.828,False,
S_abs5n40_2_L3,3630.77,v6-21-g5876c9a,558.876,True,0
S_abs5n40_2_L6,9126.95,v1,989.037,False,
S_abs5n40_3_H3,11189.93,v6-21-g5876c9a,1382.166,False,0.19627489588565
S_abs5n40_3_H6,24480.63,v6-21-g5876c9a,1116.498,False,
S_abs5n40_3_L3,4203.45,v6-21-g5876c9a,648.396,False,3.1559443905911
S_abs5n40_3_L6,11176.68,v6-21-g5876c9a,1574.69,False,
S_abs5n40_4_H3,11639.5,v6-21-g5876c9a,1173.909,False,0.63539630347891
S_abs5n40_4_H6,26249.93,v6-21-g5876c9a,1384.557,False,
S_abs5n40_4_L3,4724.15,v6-21-g5876c9a,1225.153,False,5.1847019453208
S_abs5n40_4_L6,12315.36,v6-21-g5876c9a,1351.89,False,
S_abs5n40_5_H3,12129.51,v6-21-g5876c9a,1415.439,False,2.1328353068866
S_abs5n40_5_H6,28593.22,v1,1181.034,False,
S_abs5n40_5_L3,5220.97,v6-21-g5876c9a,252.57,False,9.1953878748711
S_abs5n40_5_L6,14713.55,v6-21-g5876c9a,1450.839,False,
S_abs5n45_2_H3,11034.53,v1,1469.619,False,0.0025375535265271
S_abs5n45_2_H6,24986.53,v1,1474.717,False,
S_abs5n45_2_L3,3638.15,v6-21-g5876c9a,1459.585,False,0.0016492170342053
S_abs5n45_2_L6,9388.58,v1,1110.687,False,
S_abs5n45_3_H3,11301.65,v6-21-g5876c9a,1216.438,False,0.42295884592658
S_abs5n45_3_H6,25741.75,v6-21-g5876c9a,1360.609,False,
S_abs5n45_3_L3,3874.14,v6-21-g5876c9a,623.892,False,0.18852554404747
S_abs5n45_3_L6,10436.64,v6-21-g5876c9a,1078.524,False,
S_abs5n45_4_H3,11564.29,v6-21-g5876c9a,1491.889,False,0.22394689061356
S_abs5n45_4_H6,27061.47,v6-21-g5876c9a,1216.65,False,
S_abs5n45_4_L3,4184.29,v6-21-g5876c9a,352.275,False,0.82456440493774
S_abs5n45_4_L6,11269.74,v6-21-g5876c9a,1494.914,False,
S_abs5n45_5_H3,12056.28,v6-21-g5876c9a,482.604,False,2.7969219619295
S_abs5n45_5_H6,28928.67,v1,1509.921,False,
S_abs5n45_5_L3,4704.87,v6-21-g5876c9a,1539.711,False,8.3929069223627
S_abs5n45_5_L6,13162.36,v1,1591.722,False,
S_abs5n50_2_H3,12825.93,v6-21-g5876c9a,1119.773,False,0.060695186122817
S_abs5n50_2_H6,27780.9,v0,962.988,False,
S_abs5n50_2_L3,4264.57,v6-21-g5876c9a,545.233,False,0.43333168478887
S_abs5n50_2_L6,10951.85,v0,749.367,False,
S_abs5n50_3_H3,13858.94,v1,788.411,False,3.6228914941979
S_abs5n50_3_H6,30105.05,v6-21-g5876c9a,1103.762,False,
S_abs5n50_3_L3,5028.48,v6-21-g5876c9a,1423.305,False,5.4852108244179
S_abs5n50_3_L6,13586.55,v6-21-g5876c9a,1520.019,False,
S_abs5n50_4_H3,14442.02,v6-21-g5876c9a,654.708,False,2.7620189485444
S_abs5n50_4_H6,34091.04,v6-21-g5876c9a,745.726,False,
S_abs5n50_4_L3,5707.28,v6-21-g5876c9a,867.982,False,4.072619321145
S_abs5n50_4_L6,15906.67,v10-2-g2ae249a,350.681,False,
S_abs5n50_5_H3,15272.93,v6-21-g5876c9a,744.527,False,5.4306017296414
S_abs5n50_5_H6,35783.04,v6-21-g5876c9a,562.263,False,
S_abs5n50_5_L3,6873.82,v10-2-g2ae249a,1373.553,False,10
S_abs5n50_5_L6,20494.88,v6-21-g5876c9a,290.979,False,
S_abs5n5_2_H3,2023.74,v6-21-g5876c9a,0.148,True,0
S_abs5n5_2_H6,4638.11,v6-21-g5876c9a,1.877,True,0.022212254263443
S_abs5n5_2_L3,1184.74,v10-2-g2ae249a,1.114,False,0
S_abs5n5_2_L6,2855.1,v6-21-g5876c9a,1.306,True,0.0014010213445603
S_abs5n5_3_H3,2315.04,v6-21-g5876c9a,0.808,True,0
S_abs5n5_3_H6,5610.62,v6-21-g5876c9a,34.366,False,0
S_abs5n5_3_L3,1478.29,v10-2-g2ae249a,0.771,False,0
S_abs5n5_3_L6,3842.3,v6-21-g5876c9a,41.417,False,0
S_abs5n5_4_H3,2475.88,v6-21-g5876c9a,0.085,True,0
S_abs5n5_4_H6,6634.2,v10-2-g2ae249a,21.462,False,0
S_abs5n5_4_L3,1640.93,v6-21-g5876c9a,0.053,True,0
S_abs5n5_4_L6,4876.62,v6-21-g5876c9a,4.094,False,0
S_abs5n5_5_H3,2818.21,v6-21-g5876c9a,0.96,True,0
S_abs5n5_5_L3,1973.07,v10-2-g2ae249a,0.731,True,0
